Human Society,Animal Shelter,"Nullam id pellentesque ante. Vestibulum in convallis mauris.Duis dolor augue, varius eget gravida eu, ullamcorper vitae sem. Curabitur eleifend maximus finibus. Phasellus sagittis porttitor augue ut commodo.Duis dolor augue, varius eget gravida eu, ullamcorper vitae sem. ",files/images/Groups/HumanSociety.jpg
Eat Local,Promotes Local Farms,"Aenean odio ante, efficitur vel porttitor id, imperdiet ut urna. Ut tincidunt nibh sapien, nec interdum eros fringilla in. Cras accumsan rutrum arcu ac congue. Integer finibus velit eu elementum rutrum.",files/images/Groups/EatLocal.jpg
Dance NS,Dance for Youth,Sed sit amet urna sed nisl lobortis pharetra sit amet at nulla. Nulla euismod elit in mauris dignissim auctor. Aenean a diam non turpis mollis auctor ac quis est.,files/images/Groups/DanceNS.jpg
Youth Band,Promotes Local School Bands,"Ut ligula metus, pretium non dapibus dictum, rutrum at magna. Pellentesque et lorem in diam pharetra cursus eget et ex. Integer finibus velit eu elementum rutrum.",files/images/Groups/YouthBand.jpg
Nocturne Association,Showcasing and supporting local art,"Quisque vel rutrum est. Donec in turpis nec enim tincidunt eleifend vel eu nunc.Varius eget gravida eu, ullamcorper vitae sem.",files/images/Groups/Nocturne.jpg
Outdoor Skating Group,Organizes outdoor skating,"Nunc vel commodo sapien. Phasellus ac enim sit amet ligula congue scelerisque sit amet quis tellus.Ut tincidunt nibh sapien, nec interdum eros fringilla in. ",files/images/Groups/Outdoor_Skate.jpg
NS Soccer Association,Organzies youth soccer,"Lorem ipsum dolor sit amet, consectetur adipiscing elit. Aliquam consequat, est et posuere maximus, magna arcu dapibus justo, ac congue dui dui sed tellus. Aliquam bibendum efficitur lacinia. Quisque ac pellentesque turpis",files/images/Groups/NS_Soccer.jpg
NS Ski School,Downhill skiing,"Aliquam consequat, est et posuere maximus, magna arcu dapibus justo.",files/images/Groups/NS_Ski.jpg